reward,accuracy
-0.0001666666666666667,1.0
-0.0004166666666666667,1.0
-0.0001666666666666667,1.0
-0.0004166666666666667,1.0
-0.0003333333333333334,1.0
-0.00025,1.0
-0.0003333333333333334,1.0
-0.0001666666666666667,1.0
-0.0004166666666666667,1.0
-0.00025,1.0
